{"m_DefineSymbols":{"m_Value":[{"first":1,"second":"UNITY_POST_PROCESSING_STACK_V2"},{"first":4,"second":"UNITY_POST_PROCESSING_STACK_V2"},{"first":7,"second":"UNITY_POST_PROCESSING_STACK_V2"},{"first":13,"second":"UNITY_POST_PROCESSING_STACK_V2"},{"first":17,"second":"UNITY_POST_PROCESSING_STACK_V2"},{"first":18,"second":"UNITY_POST_PROCESSING_STACK_V2"},{"first":19,"second":"UNITY_POST_PROCESSING_STACK_V2"},{"first":21,"second":"UNITY_POST_PROCESSING_STACK_V2"},{"first":23,"second":"UNITY_POST_PROCESSING_STACK_V2"},{"first":24,"second":"UNITY_POST_PROCESSING_STACK_V2"},{"first":25,"second":"UNITY_POST_PROCESSING_STACK_V2"},{"first":26,"second":"UNITY_POST_PROCESSING_STACK_V2"},{"first":27,"second":"UNITY_POST_PROCESSING_STACK_V2"}],"m_Initialized":true},"m_AllowUnsafeCode":{"m_Value":false,"m_Initialized":true},"m_ScriptDebugInfoEnabled":{"m_Value":false,"m_Initialized":true}}